listingId,assets
1000,"[object Object],[object Object],[object Object],[object Object],[object Object]"
1001,"[object Object],[object Object],[object Object],[object Object],[object Object]"
1002,"[object Object],[object Object],[object Object],[object Object],[object Object]"
1003,"[object Object],[object Object],[object Object],[object Object],[object Object]"
1004,"[object Object],[object Object],[object Object],[object Object],[object Object]"
1005,"[object Object],[object Object],[object Object],[object Object],[object Object]"
1006,"[object Object],[object Object],[object Object],[object Object],[object Object]"
1007,"[object Object],[object Object],[object Object],[object Object],[object Object]"
1008,"[object Object],[object Object],[object Object],[object Object],[object Object]"
1009,"[object Object],[object Object],[object Object],[object Object],[object Object]"
1010,"[object Object],[object Object],[object Object],[object Object],[object Object]"
1011,"[object Object],[object Object],[object Object],[object Object],[object Object]"
1012,"[object Object],[object Object],[object Object],[object Object],[object Object]"
1013,"[object Object],[object Object],[object Object],[object Object],[object Object]"
1014,"[object Object],[object Object],[object Object],[object Object],[object Object]"
1015,"[object Object],[object Object],[object Object],[object Object],[object Object]"
1016,"[object Object],[object Object],[object Object],[object Object],[object Object]"
1017,"[object Object],[object Object],[object Object],[object Object],[object Object]"
1018,"[object Object],[object Object],[object Object],[object Object],[object Object]"
1019,"[object Object],[object Object],[object Object],[object Object],[object Object]"
1020,"[object Object],[object Object],[object Object],[object Object],[object Object]"
1021,"[object Object],[object Object],[object Object],[object Object],[object Object]"
1022,"[object Object],[object Object],[object Object],[object Object],[object Object]"
1023,"[object Object],[object Object],[object Object],[object Object],[object Object]"
1024,"[object Object],[object Object],[object Object],[object Object],[object Object]"
1025,"[object Object],[object Object],[object Object],[object Object],[object Object]"
1026,"[object Object],[object Object],[object Object],[object Object],[object Object]"
1027,"[object Object],[object Object],[object Object],[object Object],[object Object]"
1028,"[object Object],[object Object],[object Object],[object Object],[object Object]"
1029,"[object Object],[object Object],[object Object],[object Object],[object Object]"
1030,"[object Object],[object Object],[object Object],[object Object],[object Object]"
1031,"[object Object],[object Object],[object Object],[object Object],[object Object]"
1032,"[object Object],[object Object],[object Object],[object Object],[object Object]"
1033,"[object Object],[object Object],[object Object],[object Object],[object Object]"
1034,"[object Object],[object Object],[object Object],[object Object],[object Object]"
1035,"[object Object],[object Object],[object Object],[object Object],[object Object]"
1036,"[object Object],[object Object],[object Object],[object Object],[object Object]"
1037,"[object Object],[object Object],[object Object],[object Object],[object Object]"
1038,"[object Object],[object Object],[object Object],[object Object],[object Object]"
1039,"[object Object],[object Object],[object Object],[object Object],[object Object]"
1040,"[object Object],[object Object],[object Object],[object Object],[object Object]"
1041,"[object Object],[object Object],[object Object],[object Object],[object Object]"
1042,"[object Object],[object Object],[object Object],[object Object],[object Object]"
1043,"[object Object],[object Object],[object Object],[object Object],[object Object]"
1044,"[object Object],[object Object],[object Object],[object Object],[object Object]"
1045,"[object Object],[object Object],[object Object],[object Object],[object Object]"
1046,"[object Object],[object Object],[object Object],[object Object],[object Object]"
1047,"[object Object],[object Object],[object Object],[object Object],[object Object]"
1048,"[object Object],[object Object],[object Object],[object Object],[object Object]"
1049,"[object Object],[object Object],[object Object],[object Object],[object Object]"
1050,"[object Object],[object Object],[object Object],[object Object],[object Object]"
1051,"[object Object],[object Object],[object Object],[object Object],[object Object]"
1052,"[object Object],[object Object],[object Object],[object Object],[object Object]"
1053,"[object Object],[object Object],[object Object],[object Object],[object Object]"
1054,"[object Object],[object Object],[object Object],[object Object],[object Object]"
1055,"[object Object],[object Object],[object Object],[object Object],[object Object]"
1056,"[object Object],[object Object],[object Object],[object Object],[object Object]"
1057,"[object Object],[object Object],[object Object],[object Object],[object Object]"
1058,"[object Object],[object Object],[object Object],[object Object],[object Object]"
1059,"[object Object],[object Object],[object Object],[object Object],[object Object]"
1060,"[object Object],[object Object],[object Object],[object Object],[object Object]"
1061,"[object Object],[object Object],[object Object],[object Object],[object Object]"
1062,"[object Object],[object Object],[object Object],[object Object],[object Object]"
1063,"[object Object],[object Object],[object Object],[object Object],[object Object]"
1064,"[object Object],[object Object],[object Object],[object Object],[object Object]"
1065,"[object Object],[object Object],[object Object],[object Object],[object Object]"
1066,"[object Object],[object Object],[object Object],[object Object],[object Object]"
1067,"[object Object],[object Object],[object Object],[object Object],[object Object]"
1068,"[object Object],[object Object],[object Object],[object Object],[object Object]"
1069,"[object Object],[object Object],[object Object],[object Object],[object Object]"
1070,"[object Object],[object Object],[object Object],[object Object],[object Object]"
1071,"[object Object],[object Object],[object Object],[object Object],[object Object]"
1072,"[object Object],[object Object],[object Object],[object Object],[object Object]"
1073,"[object Object],[object Object],[object Object],[object Object],[object Object]"
1074,"[object Object],[object Object],[object Object],[object Object],[object Object]"
1075,"[object Object],[object Object],[object Object],[object Object],[object Object]"
1076,"[object Object],[object Object],[object Object],[object Object],[object Object]"
1077,"[object Object],[object Object],[object Object],[object Object],[object Object]"
1078,"[object Object],[object Object],[object Object],[object Object],[object Object]"
1079,"[object Object],[object Object],[object Object],[object Object],[object Object]"
1080,"[object Object],[object Object],[object Object],[object Object],[object Object]"
1081,"[object Object],[object Object],[object Object],[object Object],[object Object]"
1082,"[object Object],[object Object],[object Object],[object Object],[object Object]"
1083,"[object Object],[object Object],[object Object],[object Object],[object Object]"
1084,"[object Object],[object Object],[object Object],[object Object],[object Object]"
1085,"[object Object],[object Object],[object Object],[object Object],[object Object]"
1086,"[object Object],[object Object],[object Object],[object Object],[object Object]"
1087,"[object Object],[object Object],[object Object],[object Object],[object Object]"
1088,"[object Object],[object Object],[object Object],[object Object],[object Object]"
1089,"[object Object],[object Object],[object Object],[object Object],[object Object]"
1090,"[object Object],[object Object],[object Object],[object Object],[object Object]"
1091,"[object Object],[object Object],[object Object],[object Object],[object Object]"
1092,"[object Object],[object Object],[object Object],[object Object],[object Object]"
1093,"[object Object],[object Object],[object Object],[object Object],[object Object]"
1094,"[object Object],[object Object],[object Object],[object Object],[object Object]"
1095,"[object Object],[object Object],[object Object],[object Object],[object Object]"
1096,"[object Object],[object Object],[object Object],[object Object],[object Object]"
1097,"[object Object],[object Object],[object Object],[object Object],[object Object]"
1098,"[object Object],[object Object],[object Object],[object Object],[object Object]"
1099,"[object Object],[object Object],[object Object],[object Object],[object Object]"
1100,"[object Object],[object Object],[object Object],[object Object],[object Object]"
1101,"[object Object],[object Object],[object Object],[object Object],[object Object]"
1102,"[object Object],[object Object],[object Object],[object Object],[object Object]"
1103,"[object Object],[object Object],[object Object],[object Object],[object Object]"
1104,"[object Object],[object Object],[object Object],[object Object],[object Object]"
1105,"[object Object],[object Object],[object Object],[object Object],[object Object]"
1106,"[object Object],[object Object],[object Object],[object Object],[object Object]"
1107,"[object Object],[object Object],[object Object],[object Object],[object Object]"
1108,"[object Object],[object Object],[object Object],[object Object],[object Object]"
1109,"[object Object],[object Object],[object Object],[object Object],[object Object]"
1110,"[object Object],[object Object],[object Object],[object Object],[object Object]"
1111,"[object Object],[object Object],[object Object],[object Object],[object Object]"
1112,"[object Object],[object Object],[object Object],[object Object],[object Object]"
1113,"[object Object],[object Object],[object Object],[object Object],[object Object]"
1114,"[object Object],[object Object],[object Object],[object Object],[object Object]"
1115,"[object Object],[object Object],[object Object],[object Object],[object Object]"
1116,"[object Object],[object Object],[object Object],[object Object],[object Object]"
1117,"[object Object],[object Object],[object Object],[object Object],[object Object]"
1118,"[object Object],[object Object],[object Object],[object Object],[object Object]"
1119,"[object Object],[object Object],[object Object],[object Object],[object Object]"
1120,"[object Object],[object Object],[object Object],[object Object],[object Object]"
1121,"[object Object],[object Object],[object Object],[object Object],[object Object]"
1122,"[object Object],[object Object],[object Object],[object Object],[object Object]"
1123,"[object Object],[object Object],[object Object],[object Object],[object Object]"
1124,"[object Object],[object Object],[object Object],[object Object],[object Object]"
1125,"[object Object],[object Object],[object Object],[object Object],[object Object]"
1126,"[object Object],[object Object],[object Object],[object Object],[object Object]"
1127,"[object Object],[object Object],[object Object],[object Object],[object Object]"
1128,"[object Object],[object Object],[object Object],[object Object],[object Object]"
1129,"[object Object],[object Object],[object Object],[object Object],[object Object]"
1130,"[object Object],[object Object],[object Object],[object Object],[object Object]"
1131,"[object Object],[object Object],[object Object],[object Object],[object Object]"
1132,"[object Object],[object Object],[object Object],[object Object],[object Object]"
1133,"[object Object],[object Object],[object Object],[object Object],[object Object]"
1134,"[object Object],[object Object],[object Object],[object Object],[object Object]"
1135,"[object Object],[object Object],[object Object],[object Object],[object Object]"
1136,"[object Object],[object Object],[object Object],[object Object],[object Object]"
1137,"[object Object],[object Object],[object Object],[object Object],[object Object]"
1138,"[object Object],[object Object],[object Object],[object Object],[object Object]"
1139,"[object Object],[object Object],[object Object],[object Object],[object Object]"
1140,"[object Object],[object Object],[object Object],[object Object],[object Object]"
1141,"[object Object],[object Object],[object Object],[object Object],[object Object]"
1142,"[object Object],[object Object],[object Object],[object Object],[object Object]"
1143,"[object Object],[object Object],[object Object],[object Object],[object Object]"
1144,"[object Object],[object Object],[object Object],[object Object],[object Object]"
1145,"[object Object],[object Object],[object Object],[object Object],[object Object]"
1146,"[object Object],[object Object],[object Object],[object Object],[object Object]"
1147,"[object Object],[object Object],[object Object],[object Object],[object Object]"
1148,"[object Object],[object Object],[object Object],[object Object],[object Object]"
1149,"[object Object],[object Object],[object Object],[object Object],[object Object]"
1000,"[object Object],[object Object],[object Object],[object Object],[object Object]"
1001,"[object Object],[object Object],[object Object],[object Object],[object Object]"
1002,"[object Object],[object Object],[object Object],[object Object],[object Object]"
1003,"[object Object],[object Object],[object Object],[object Object],[object Object]"
1004,"[object Object],[object Object],[object Object],[object Object],[object Object]"
1005,"[object Object],[object Object],[object Object],[object Object],[object Object]"
1006,"[object Object],[object Object],[object Object],[object Object],[object Object]"
1007,"[object Object],[object Object],[object Object],[object Object],[object Object]"
1008,"[object Object],[object Object],[object Object],[object Object],[object Object]"
1009,"[object Object],[object Object],[object Object],[object Object],[object Object]"
1010,"[object Object],[object Object],[object Object],[object Object],[object Object]"
1011,"[object Object],[object Object],[object Object],[object Object],[object Object]"
1012,"[object Object],[object Object],[object Object],[object Object],[object Object]"
1013,"[object Object],[object Object],[object Object],[object Object],[object Object]"
1014,"[object Object],[object Object],[object Object],[object Object],[object Object]"
1015,"[object Object],[object Object],[object Object],[object Object],[object Object]"
1016,"[object Object],[object Object],[object Object],[object Object],[object Object]"
1017,"[object Object],[object Object],[object Object],[object Object],[object Object]"
1018,"[object Object],[object Object],[object Object],[object Object],[object Object]"
1019,"[object Object],[object Object],[object Object],[object Object],[object Object]"
1020,"[object Object],[object Object],[object Object],[object Object],[object Object]"
1021,"[object Object],[object Object],[object Object],[object Object],[object Object]"
1022,"[object Object],[object Object],[object Object],[object Object],[object Object]"
1023,"[object Object],[object Object],[object Object],[object Object],[object Object]"
1024,"[object Object],[object Object],[object Object],[object Object],[object Object]"
1025,"[object Object],[object Object],[object Object],[object Object],[object Object]"
1026,"[object Object],[object Object],[object Object],[object Object],[object Object]"
1027,"[object Object],[object Object],[object Object],[object Object],[object Object]"
1028,"[object Object],[object Object],[object Object],[object Object],[object Object]"
1029,"[object Object],[object Object],[object Object],[object Object],[object Object]"
1030,"[object Object],[object Object],[object Object],[object Object],[object Object]"
1031,"[object Object],[object Object],[object Object],[object Object],[object Object]"
1032,"[object Object],[object Object],[object Object],[object Object],[object Object]"
1033,"[object Object],[object Object],[object Object],[object Object],[object Object]"
1034,"[object Object],[object Object],[object Object],[object Object],[object Object]"
1035,"[object Object],[object Object],[object Object],[object Object],[object Object]"
1036,"[object Object],[object Object],[object Object],[object Object],[object Object]"
1037,"[object Object],[object Object],[object Object],[object Object],[object Object]"
1038,"[object Object],[object Object],[object Object],[object Object],[object Object]"
1039,"[object Object],[object Object],[object Object],[object Object],[object Object]"
1040,"[object Object],[object Object],[object Object],[object Object],[object Object]"
1041,"[object Object],[object Object],[object Object],[object Object],[object Object]"
1042,"[object Object],[object Object],[object Object],[object Object],[object Object]"
1043,"[object Object],[object Object],[object Object],[object Object],[object Object]"
1044,"[object Object],[object Object],[object Object],[object Object],[object Object]"
1045,"[object Object],[object Object],[object Object],[object Object],[object Object]"
1046,"[object Object],[object Object],[object Object],[object Object],[object Object]"
1047,"[object Object],[object Object],[object Object],[object Object],[object Object]"
1048,"[object Object],[object Object],[object Object],[object Object],[object Object]"
1049,"[object Object],[object Object],[object Object],[object Object],[object Object]"
1050,"[object Object],[object Object],[object Object],[object Object],[object Object]"
1051,"[object Object],[object Object],[object Object],[object Object],[object Object]"
1052,"[object Object],[object Object],[object Object],[object Object],[object Object]"
1053,"[object Object],[object Object],[object Object],[object Object],[object Object]"
1054,"[object Object],[object Object],[object Object],[object Object],[object Object]"
1055,"[object Object],[object Object],[object Object],[object Object],[object Object]"
1056,"[object Object],[object Object],[object Object],[object Object],[object Object]"
1057,"[object Object],[object Object],[object Object],[object Object],[object Object]"
1058,"[object Object],[object Object],[object Object],[object Object],[object Object]"
1059,"[object Object],[object Object],[object Object],[object Object],[object Object]"
1060,"[object Object],[object Object],[object Object],[object Object],[object Object]"
1061,"[object Object],[object Object],[object Object],[object Object],[object Object]"
1062,"[object Object],[object Object],[object Object],[object Object],[object Object]"
1063,"[object Object],[object Object],[object Object],[object Object],[object Object]"
1064,"[object Object],[object Object],[object Object],[object Object],[object Object]"
1065,"[object Object],[object Object],[object Object],[object Object],[object Object]"
1066,"[object Object],[object Object],[object Object],[object Object],[object Object]"
1067,"[object Object],[object Object],[object Object],[object Object],[object Object]"
1068,"[object Object],[object Object],[object Object],[object Object],[object Object]"
1069,"[object Object],[object Object],[object Object],[object Object],[object Object]"
1070,"[object Object],[object Object],[object Object],[object Object],[object Object]"
1071,"[object Object],[object Object],[object Object],[object Object],[object Object]"
1072,"[object Object],[object Object],[object Object],[object Object],[object Object]"
1073,"[object Object],[object Object],[object Object],[object Object],[object Object]"
1074,"[object Object],[object Object],[object Object],[object Object],[object Object]"
1075,"[object Object],[object Object],[object Object],[object Object],[object Object]"
1076,"[object Object],[object Object],[object Object],[object Object],[object Object]"
1077,"[object Object],[object Object],[object Object],[object Object],[object Object]"
1078,"[object Object],[object Object],[object Object],[object Object],[object Object]"
1079,"[object Object],[object Object],[object Object],[object Object],[object Object]"
1080,"[object Object],[object Object],[object Object],[object Object],[object Object]"
1081,"[object Object],[object Object],[object Object],[object Object],[object Object]"
1082,"[object Object],[object Object],[object Object],[object Object],[object Object]"
1083,"[object Object],[object Object],[object Object],[object Object],[object Object]"
1084,"[object Object],[object Object],[object Object],[object Object],[object Object]"
1085,"[object Object],[object Object],[object Object],[object Object],[object Object]"
1086,"[object Object],[object Object],[object Object],[object Object],[object Object]"
1087,"[object Object],[object Object],[object Object],[object Object],[object Object]"
1088,"[object Object],[object Object],[object Object],[object Object],[object Object]"
1089,"[object Object],[object Object],[object Object],[object Object],[object Object]"
1090,"[object Object],[object Object],[object Object],[object Object],[object Object]"
1091,"[object Object],[object Object],[object Object],[object Object],[object Object]"
1092,"[object Object],[object Object],[object Object],[object Object],[object Object]"
1093,"[object Object],[object Object],[object Object],[object Object],[object Object]"
1094,"[object Object],[object Object],[object Object],[object Object],[object Object]"
1095,"[object Object],[object Object],[object Object],[object Object],[object Object]"
1096,"[object Object],[object Object],[object Object],[object Object],[object Object]"
1097,"[object Object],[object Object],[object Object],[object Object],[object Object]"
1098,"[object Object],[object Object],[object Object],[object Object],[object Object]"
1099,"[object Object],[object Object],[object Object],[object Object],[object Object]"
1100,"[object Object],[object Object],[object Object],[object Object],[object Object]"
1101,"[object Object],[object Object],[object Object],[object Object],[object Object]"
1102,"[object Object],[object Object],[object Object],[object Object],[object Object]"
1103,"[object Object],[object Object],[object Object],[object Object],[object Object]"
1104,"[object Object],[object Object],[object Object],[object Object],[object Object]"
1105,"[object Object],[object Object],[object Object],[object Object],[object Object]"
1106,"[object Object],[object Object],[object Object],[object Object],[object Object]"
1107,"[object Object],[object Object],[object Object],[object Object],[object Object]"
1108,"[object Object],[object Object],[object Object],[object Object],[object Object]"
1109,"[object Object],[object Object],[object Object],[object Object],[object Object]"
1110,"[object Object],[object Object],[object Object],[object Object],[object Object]"
1111,"[object Object],[object Object],[object Object],[object Object],[object Object]"
1112,"[object Object],[object Object],[object Object],[object Object],[object Object]"
1113,"[object Object],[object Object],[object Object],[object Object],[object Object]"
1114,"[object Object],[object Object],[object Object],[object Object],[object Object]"
1115,"[object Object],[object Object],[object Object],[object Object],[object Object]"
1116,"[object Object],[object Object],[object Object],[object Object],[object Object]"
1117,"[object Object],[object Object],[object Object],[object Object],[object Object]"
1118,"[object Object],[object Object],[object Object],[object Object],[object Object]"
1119,"[object Object],[object Object],[object Object],[object Object],[object Object]"
1120,"[object Object],[object Object],[object Object],[object Object],[object Object]"
1121,"[object Object],[object Object],[object Object],[object Object],[object Object]"
1122,"[object Object],[object Object],[object Object],[object Object],[object Object]"
1123,"[object Object],[object Object],[object Object],[object Object],[object Object]"
1124,"[object Object],[object Object],[object Object],[object Object],[object Object]"
1125,"[object Object],[object Object],[object Object],[object Object],[object Object]"
1126,"[object Object],[object Object],[object Object],[object Object],[object Object]"
1127,"[object Object],[object Object],[object Object],[object Object],[object Object]"
1128,"[object Object],[object Object],[object Object],[object Object],[object Object]"
1129,"[object Object],[object Object],[object Object],[object Object],[object Object]"
1130,"[object Object],[object Object],[object Object],[object Object],[object Object]"
1131,"[object Object],[object Object],[object Object],[object Object],[object Object]"
1132,"[object Object],[object Object],[object Object],[object Object],[object Object]"
1133,"[object Object],[object Object],[object Object],[object Object],[object Object]"
1134,"[object Object],[object Object],[object Object],[object Object],[object Object]"
1135,"[object Object],[object Object],[object Object],[object Object],[object Object]"
1136,"[object Object],[object Object],[object Object],[object Object],[object Object]"
1137,"[object Object],[object Object],[object Object],[object Object],[object Object]"
1138,"[object Object],[object Object],[object Object],[object Object],[object Object]"
1139,"[object Object],[object Object],[object Object],[object Object],[object Object]"
1140,"[object Object],[object Object],[object Object],[object Object],[object Object]"
1141,"[object Object],[object Object],[object Object],[object Object],[object Object]"
1142,"[object Object],[object Object],[object Object],[object Object],[object Object]"
1143,"[object Object],[object Object],[object Object],[object Object],[object Object]"
1144,"[object Object],[object Object],[object Object],[object Object],[object Object]"
1145,"[object Object],[object Object],[object Object],[object Object],[object Object]"
1146,"[object Object],[object Object],[object Object],[object Object],[object Object]"
1147,"[object Object],[object Object],[object Object],[object Object],[object Object]"
1148,"[object Object],[object Object],[object Object],[object Object],[object Object]"
1149,"[object Object],[object Object],[object Object],[object Object],[object Object]"
1000,"[object Object],[object Object],[object Object],[object Object],[object Object]"
1001,"[object Object],[object Object],[object Object],[object Object],[object Object]"
1002,"[object Object],[object Object],[object Object],[object Object],[object Object]"
1003,"[object Object],[object Object],[object Object],[object Object],[object Object]"
1004,"[object Object],[object Object],[object Object],[object Object],[object Object]"
1005,"[object Object],[object Object],[object Object],[object Object],[object Object]"
1006,"[object Object],[object Object],[object Object],[object Object],[object Object]"
1007,"[object Object],[object Object],[object Object],[object Object],[object Object]"
1008,"[object Object],[object Object],[object Object],[object Object],[object Object]"
1009,"[object Object],[object Object],[object Object],[object Object],[object Object]"
1010,"[object Object],[object Object],[object Object],[object Object],[object Object]"
1011,"[object Object],[object Object],[object Object],[object Object],[object Object]"
1012,"[object Object],[object Object],[object Object],[object Object],[object Object]"
1013,"[object Object],[object Object],[object Object],[object Object],[object Object]"
1014,"[object Object],[object Object],[object Object],[object Object],[object Object]"
1015,"[object Object],[object Object],[object Object],[object Object],[object Object]"
1016,"[object Object],[object Object],[object Object],[object Object],[object Object]"
1017,"[object Object],[object Object],[object Object],[object Object],[object Object]"
1018,"[object Object],[object Object],[object Object],[object Object],[object Object]"
1019,"[object Object],[object Object],[object Object],[object Object],[object Object]"
1020,"[object Object],[object Object],[object Object],[object Object],[object Object]"
1021,"[object Object],[object Object],[object Object],[object Object],[object Object]"
1022,"[object Object],[object Object],[object Object],[object Object],[object Object]"
1023,"[object Object],[object Object],[object Object],[object Object],[object Object]"
1024,"[object Object],[object Object],[object Object],[object Object],[object Object]"
1025,"[object Object],[object Object],[object Object],[object Object],[object Object]"
1026,"[object Object],[object Object],[object Object],[object Object],[object Object]"
1027,"[object Object],[object Object],[object Object],[object Object],[object Object]"
1028,"[object Object],[object Object],[object Object],[object Object],[object Object]"
1029,"[object Object],[object Object],[object Object],[object Object],[object Object]"
1030,"[object Object],[object Object],[object Object],[object Object],[object Object]"
1031,"[object Object],[object Object],[object Object],[object Object],[object Object]"
1032,"[object Object],[object Object],[object Object],[object Object],[object Object]"
1033,"[object Object],[object Object],[object Object],[object Object],[object Object]"
1034,"[object Object],[object Object],[object Object],[object Object],[object Object]"
1035,"[object Object],[object Object],[object Object],[object Object],[object Object]"
1036,"[object Object],[object Object],[object Object],[object Object],[object Object]"
1037,"[object Object],[object Object],[object Object],[object Object],[object Object]"
1038,"[object Object],[object Object],[object Object],[object Object],[object Object]"
1039,"[object Object],[object Object],[object Object],[object Object],[object Object]"
1040,"[object Object],[object Object],[object Object],[object Object],[object Object]"
1041,"[object Object],[object Object],[object Object],[object Object],[object Object]"
1042,"[object Object],[object Object],[object Object],[object Object],[object Object]"
1043,"[object Object],[object Object],[object Object],[object Object],[object Object]"
1044,"[object Object],[object Object],[object Object],[object Object],[object Object]"
1045,"[object Object],[object Object],[object Object],[object Object],[object Object]"
1046,"[object Object],[object Object],[object Object],[object Object],[object Object]"
1047,"[object Object],[object Object],[object Object],[object Object],[object Object]"
1048,"[object Object],[object Object],[object Object],[object Object],[object Object]"
1049,"[object Object],[object Object],[object Object],[object Object],[object Object]"
1050,"[object Object],[object Object],[object Object],[object Object],[object Object]"
1051,"[object Object],[object Object],[object Object],[object Object],[object Object]"
1052,"[object Object],[object Object],[object Object],[object Object],[object Object]"
1053,"[object Object],[object Object],[object Object],[object Object],[object Object]"
1054,"[object Object],[object Object],[object Object],[object Object],[object Object]"
1055,"[object Object],[object Object],[object Object],[object Object],[object Object]"
1056,"[object Object],[object Object],[object Object],[object Object],[object Object]"
1057,"[object Object],[object Object],[object Object],[object Object],[object Object]"
1058,"[object Object],[object Object],[object Object],[object Object],[object Object]"
1059,"[object Object],[object Object],[object Object],[object Object],[object Object]"
1060,"[object Object],[object Object],[object Object],[object Object],[object Object]"
1061,"[object Object],[object Object],[object Object],[object Object],[object Object]"
1062,"[object Object],[object Object],[object Object],[object Object],[object Object]"
1063,"[object Object],[object Object],[object Object],[object Object],[object Object]"
1064,"[object Object],[object Object],[object Object],[object Object],[object Object]"
1065,"[object Object],[object Object],[object Object],[object Object],[object Object]"
1066,"[object Object],[object Object],[object Object],[object Object],[object Object]"
1067,"[object Object],[object Object],[object Object],[object Object],[object Object]"
1068,"[object Object],[object Object],[object Object],[object Object],[object Object]"
1069,"[object Object],[object Object],[object Object],[object Object],[object Object]"
1070,"[object Object],[object Object],[object Object],[object Object],[object Object]"
1071,"[object Object],[object Object],[object Object],[object Object],[object Object]"
1072,"[object Object],[object Object],[object Object],[object Object],[object Object]"
1073,"[object Object],[object Object],[object Object],[object Object],[object Object]"
1074,"[object Object],[object Object],[object Object],[object Object],[object Object]"
1075,"[object Object],[object Object],[object Object],[object Object],[object Object]"
1076,"[object Object],[object Object],[object Object],[object Object],[object Object]"
1077,"[object Object],[object Object],[object Object],[object Object],[object Object]"
1078,"[object Object],[object Object],[object Object],[object Object],[object Object]"
1079,"[object Object],[object Object],[object Object],[object Object],[object Object]"
1080,"[object Object],[object Object],[object Object],[object Object],[object Object]"
1081,"[object Object],[object Object],[object Object],[object Object],[object Object]"
1082,"[object Object],[object Object],[object Object],[object Object],[object Object]"
1083,"[object Object],[object Object],[object Object],[object Object],[object Object]"
1084,"[object Object],[object Object],[object Object],[object Object],[object Object]"
1085,"[object Object],[object Object],[object Object],[object Object],[object Object]"
1086,"[object Object],[object Object],[object Object],[object Object],[object Object]"
1087,"[object Object],[object Object],[object Object],[object Object],[object Object]"
1088,"[object Object],[object Object],[object Object],[object Object],[object Object]"
1089,"[object Object],[object Object],[object Object],[object Object],[object Object]"
1090,"[object Object],[object Object],[object Object],[object Object],[object Object]"
1091,"[object Object],[object Object],[object Object],[object Object],[object Object]"
1092,"[object Object],[object Object],[object Object],[object Object],[object Object]"
1093,"[object Object],[object Object],[object Object],[object Object],[object Object]"
1094,"[object Object],[object Object],[object Object],[object Object],[object Object]"
1095,"[object Object],[object Object],[object Object],[object Object],[object Object]"
1096,"[object Object],[object Object],[object Object],[object Object],[object Object]"
1097,"[object Object],[object Object],[object Object],[object Object],[object Object]"
1098,"[object Object],[object Object],[object Object],[object Object],[object Object]"
1099,"[object Object],[object Object],[object Object],[object Object],[object Object]"
1100,"[object Object],[object Object],[object Object],[object Object],[object Object]"
1101,"[object Object],[object Object],[object Object],[object Object],[object Object]"
1102,"[object Object],[object Object],[object Object],[object Object],[object Object]"
1103,"[object Object],[object Object],[object Object],[object Object],[object Object]"
1104,"[object Object],[object Object],[object Object],[object Object],[object Object]"
1105,"[object Object],[object Object],[object Object],[object Object],[object Object]"
1106,"[object Object],[object Object],[object Object],[object Object],[object Object]"
1107,"[object Object],[object Object],[object Object],[object Object],[object Object]"
1108,"[object Object],[object Object],[object Object],[object Object],[object Object]"
1109,"[object Object],[object Object],[object Object],[object Object],[object Object]"
1110,"[object Object],[object Object],[object Object],[object Object],[object Object]"
1111,"[object Object],[object Object],[object Object],[object Object],[object Object]"
1112,"[object Object],[object Object],[object Object],[object Object],[object Object]"
1113,"[object Object],[object Object],[object Object],[object Object],[object Object]"
1114,"[object Object],[object Object],[object Object],[object Object],[object Object]"
1115,"[object Object],[object Object],[object Object],[object Object],[object Object]"
1116,"[object Object],[object Object],[object Object],[object Object],[object Object]"
1117,"[object Object],[object Object],[object Object],[object Object],[object Object]"
1118,"[object Object],[object Object],[object Object],[object Object],[object Object]"
1119,"[object Object],[object Object],[object Object],[object Object],[object Object]"
1120,"[object Object],[object Object],[object Object],[object Object],[object Object]"
1121,"[object Object],[object Object],[object Object],[object Object],[object Object]"
1122,"[object Object],[object Object],[object Object],[object Object],[object Object]"
1123,"[object Object],[object Object],[object Object],[object Object],[object Object]"
1124,"[object Object],[object Object],[object Object],[object Object],[object Object]"
1125,"[object Object],[object Object],[object Object],[object Object],[object Object]"
1126,"[object Object],[object Object],[object Object],[object Object],[object Object]"
1127,"[object Object],[object Object],[object Object],[object Object],[object Object]"
1128,"[object Object],[object Object],[object Object],[object Object],[object Object]"
1129,"[object Object],[object Object],[object Object],[object Object],[object Object]"
1130,"[object Object],[object Object],[object Object],[object Object],[object Object]"
1131,"[object Object],[object Object],[object Object],[object Object],[object Object]"
1132,"[object Object],[object Object],[object Object],[object Object],[object Object]"
1133,"[object Object],[object Object],[object Object],[object Object],[object Object]"
1134,"[object Object],[object Object],[object Object],[object Object],[object Object]"
1135,"[object Object],[object Object],[object Object],[object Object],[object Object]"
1136,"[object Object],[object Object],[object Object],[object Object],[object Object]"
1137,"[object Object],[object Object],[object Object],[object Object],[object Object]"
1138,"[object Object],[object Object],[object Object],[object Object],[object Object]"
1139,"[object Object],[object Object],[object Object],[object Object],[object Object]"
1140,"[object Object],[object Object],[object Object],[object Object],[object Object]"
1141,"[object Object],[object Object],[object Object],[object Object],[object Object]"
1142,"[object Object],[object Object],[object Object],[object Object],[object Object]"
1143,"[object Object],[object Object],[object Object],[object Object],[object Object]"
1144,"[object Object],[object Object],[object Object],[object Object],[object Object]"
1145,"[object Object],[object Object],[object Object],[object Object],[object Object]"
1146,"[object Object],[object Object],[object Object],[object Object],[object Object]"
1147,"[object Object],[object Object],[object Object],[object Object],[object Object]"
1148,"[object Object],[object Object],[object Object],[object Object],[object Object]"
1149,"[object Object],[object Object],[object Object],[object Object],[object Object]"
1000,"[object Object],[object Object],[object Object],[object Object],[object Object]"
1001,"[object Object],[object Object],[object Object],[object Object],[object Object]"
1002,"[object Object],[object Object],[object Object],[object Object],[object Object]"
1003,"[object Object],[object Object],[object Object],[object Object],[object Object]"
1004,"[object Object],[object Object],[object Object],[object Object],[object Object]"
1005,"[object Object],[object Object],[object Object],[object Object],[object Object]"
1006,"[object Object],[object Object],[object Object],[object Object],[object Object]"
1007,"[object Object],[object Object],[object Object],[object Object],[object Object]"
1008,"[object Object],[object Object],[object Object],[object Object],[object Object]"
1009,"[object Object],[object Object],[object Object],[object Object],[object Object]"
1010,"[object Object],[object Object],[object Object],[object Object],[object Object]"
1011,"[object Object],[object Object],[object Object],[object Object],[object Object]"
1012,"[object Object],[object Object],[object Object],[object Object],[object Object]"
1013,"[object Object],[object Object],[object Object],[object Object],[object Object]"
1014,"[object Object],[object Object],[object Object],[object Object],[object Object]"
1015,"[object Object],[object Object],[object Object],[object Object],[object Object]"
1016,"[object Object],[object Object],[object Object],[object Object],[object Object]"
1017,"[object Object],[object Object],[object Object],[object Object],[object Object]"
1018,"[object Object],[object Object],[object Object],[object Object],[object Object]"
1019,"[object Object],[object Object],[object Object],[object Object],[object Object]"
1020,"[object Object],[object Object],[object Object],[object Object],[object Object]"
1021,"[object Object],[object Object],[object Object],[object Object],[object Object]"
1022,"[object Object],[object Object],[object Object],[object Object],[object Object]"
1023,"[object Object],[object Object],[object Object],[object Object],[object Object]"
1024,"[object Object],[object Object],[object Object],[object Object],[object Object]"
1025,"[object Object],[object Object],[object Object],[object Object],[object Object]"
1026,"[object Object],[object Object],[object Object],[object Object],[object Object]"
1027,"[object Object],[object Object],[object Object],[object Object],[object Object]"
1028,"[object Object],[object Object],[object Object],[object Object],[object Object]"
1029,"[object Object],[object Object],[object Object],[object Object],[object Object]"
1030,"[object Object],[object Object],[object Object],[object Object],[object Object]"
1031,"[object Object],[object Object],[object Object],[object Object],[object Object]"
1032,"[object Object],[object Object],[object Object],[object Object],[object Object]"
1033,"[object Object],[object Object],[object Object],[object Object],[object Object]"
1034,"[object Object],[object Object],[object Object],[object Object],[object Object]"
1035,"[object Object],[object Object],[object Object],[object Object],[object Object]"
1036,"[object Object],[object Object],[object Object],[object Object],[object Object]"
1037,"[object Object],[object Object],[object Object],[object Object],[object Object]"
1038,"[object Object],[object Object],[object Object],[object Object],[object Object]"
1039,"[object Object],[object Object],[object Object],[object Object],[object Object]"
1040,"[object Object],[object Object],[object Object],[object Object],[object Object]"
1041,"[object Object],[object Object],[object Object],[object Object],[object Object]"
1042,"[object Object],[object Object],[object Object],[object Object],[object Object]"
1043,"[object Object],[object Object],[object Object],[object Object],[object Object]"
1044,"[object Object],[object Object],[object Object],[object Object],[object Object]"
1045,"[object Object],[object Object],[object Object],[object Object],[object Object]"
1046,"[object Object],[object Object],[object Object],[object Object],[object Object]"
1047,"[object Object],[object Object],[object Object],[object Object],[object Object]"
1048,"[object Object],[object Object],[object Object],[object Object],[object Object]"
1049,"[object Object],[object Object],[object Object],[object Object],[object Object]"
1050,"[object Object],[object Object],[object Object],[object Object],[object Object]"
1051,"[object Object],[object Object],[object Object],[object Object],[object Object]"
1052,"[object Object],[object Object],[object Object],[object Object],[object Object]"
1053,"[object Object],[object Object],[object Object],[object Object],[object Object]"
1054,"[object Object],[object Object],[object Object],[object Object],[object Object]"
1055,"[object Object],[object Object],[object Object],[object Object],[object Object]"
1056,"[object Object],[object Object],[object Object],[object Object],[object Object]"
1057,"[object Object],[object Object],[object Object],[object Object],[object Object]"
1058,"[object Object],[object Object],[object Object],[object Object],[object Object]"
1059,"[object Object],[object Object],[object Object],[object Object],[object Object]"
1060,"[object Object],[object Object],[object Object],[object Object],[object Object]"
1061,"[object Object],[object Object],[object Object],[object Object],[object Object]"
1062,"[object Object],[object Object],[object Object],[object Object],[object Object]"
1063,"[object Object],[object Object],[object Object],[object Object],[object Object]"
1064,"[object Object],[object Object],[object Object],[object Object],[object Object]"
1065,"[object Object],[object Object],[object Object],[object Object],[object Object]"
1066,"[object Object],[object Object],[object Object],[object Object],[object Object]"
1067,"[object Object],[object Object],[object Object],[object Object],[object Object]"
1068,"[object Object],[object Object],[object Object],[object Object],[object Object]"
1069,"[object Object],[object Object],[object Object],[object Object],[object Object]"
1070,"[object Object],[object Object],[object Object],[object Object],[object Object]"
1071,"[object Object],[object Object],[object Object],[object Object],[object Object]"
1072,"[object Object],[object Object],[object Object],[object Object],[object Object]"
1073,"[object Object],[object Object],[object Object],[object Object],[object Object]"
1074,"[object Object],[object Object],[object Object],[object Object],[object Object]"
1075,"[object Object],[object Object],[object Object],[object Object],[object Object]"
1076,"[object Object],[object Object],[object Object],[object Object],[object Object]"
1077,"[object Object],[object Object],[object Object],[object Object],[object Object]"
1078,"[object Object],[object Object],[object Object],[object Object],[object Object]"
1079,"[object Object],[object Object],[object Object],[object Object],[object Object]"
1080,"[object Object],[object Object],[object Object],[object Object],[object Object]"
1081,"[object Object],[object Object],[object Object],[object Object],[object Object]"
1082,"[object Object],[object Object],[object Object],[object Object],[object Object]"
1083,"[object Object],[object Object],[object Object],[object Object],[object Object]"
1084,"[object Object],[object Object],[object Object],[object Object],[object Object]"
1085,"[object Object],[object Object],[object Object],[object Object],[object Object]"
1086,"[object Object],[object Object],[object Object],[object Object],[object Object]"
1087,"[object Object],[object Object],[object Object],[object Object],[object Object]"
1088,"[object Object],[object Object],[object Object],[object Object],[object Object]"
1089,"[object Object],[object Object],[object Object],[object Object],[object Object]"
1090,"[object Object],[object Object],[object Object],[object Object],[object Object]"
1091,"[object Object],[object Object],[object Object],[object Object],[object Object]"
1092,"[object Object],[object Object],[object Object],[object Object],[object Object]"
1093,"[object Object],[object Object],[object Object],[object Object],[object Object]"
1094,"[object Object],[object Object],[object Object],[object Object],[object Object]"
1095,"[object Object],[object Object],[object Object],[object Object],[object Object]"
1096,"[object Object],[object Object],[object Object],[object Object],[object Object]"
1097,"[object Object],[object Object],[object Object],[object Object],[object Object]"
1098,"[object Object],[object Object],[object Object],[object Object],[object Object]"
1099,"[object Object],[object Object],[object Object],[object Object],[object Object]"
1100,"[object Object],[object Object],[object Object],[object Object],[object Object]"
1101,"[object Object],[object Object],[object Object],[object Object],[object Object]"
1102,"[object Object],[object Object],[object Object],[object Object],[object Object]"
1103,"[object Object],[object Object],[object Object],[object Object],[object Object]"
1104,"[object Object],[object Object],[object Object],[object Object],[object Object]"
1105,"[object Object],[object Object],[object Object],[object Object],[object Object]"
1106,"[object Object],[object Object],[object Object],[object Object],[object Object]"
1107,"[object Object],[object Object],[object Object],[object Object],[object Object]"
1108,"[object Object],[object Object],[object Object],[object Object],[object Object]"
1109,"[object Object],[object Object],[object Object],[object Object],[object Object]"
1110,"[object Object],[object Object],[object Object],[object Object],[object Object]"
1111,"[object Object],[object Object],[object Object],[object Object],[object Object]"
1112,"[object Object],[object Object],[object Object],[object Object],[object Object]"
1113,"[object Object],[object Object],[object Object],[object Object],[object Object]"
1114,"[object Object],[object Object],[object Object],[object Object],[object Object]"
1115,"[object Object],[object Object],[object Object],[object Object],[object Object]"
1116,"[object Object],[object Object],[object Object],[object Object],[object Object]"
1117,"[object Object],[object Object],[object Object],[object Object],[object Object]"
1118,"[object Object],[object Object],[object Object],[object Object],[object Object]"
1119,"[object Object],[object Object],[object Object],[object Object],[object Object]"
1120,"[object Object],[object Object],[object Object],[object Object],[object Object]"
1121,"[object Object],[object Object],[object Object],[object Object],[object Object]"
1122,"[object Object],[object Object],[object Object],[object Object],[object Object]"
1123,"[object Object],[object Object],[object Object],[object Object],[object Object]"
1124,"[object Object],[object Object],[object Object],[object Object],[object Object]"
1125,"[object Object],[object Object],[object Object],[object Object],[object Object]"
1126,"[object Object],[object Object],[object Object],[object Object],[object Object]"
1127,"[object Object],[object Object],[object Object],[object Object],[object Object]"
1128,"[object Object],[object Object],[object Object],[object Object],[object Object]"
1129,"[object Object],[object Object],[object Object],[object Object],[object Object]"
1130,"[object Object],[object Object],[object Object],[object Object],[object Object]"
1131,"[object Object],[object Object],[object Object],[object Object],[object Object]"
1132,"[object Object],[object Object],[object Object],[object Object],[object Object]"
1133,"[object Object],[object Object],[object Object],[object Object],[object Object]"
1134,"[object Object],[object Object],[object Object],[object Object],[object Object]"
1135,"[object Object],[object Object],[object Object],[object Object],[object Object]"
1136,"[object Object],[object Object],[object Object],[object Object],[object Object]"
1137,"[object Object],[object Object],[object Object],[object Object],[object Object]"
1138,"[object Object],[object Object],[object Object],[object Object],[object Object]"
1139,"[object Object],[object Object],[object Object],[object Object],[object Object]"
1140,"[object Object],[object Object],[object Object],[object Object],[object Object]"
1141,"[object Object],[object Object],[object Object],[object Object],[object Object]"
1142,"[object Object],[object Object],[object Object],[object Object],[object Object]"
1143,"[object Object],[object Object],[object Object],[object Object],[object Object]"
1144,"[object Object],[object Object],[object Object],[object Object],[object Object]"
1145,"[object Object],[object Object],[object Object],[object Object],[object Object]"
1146,"[object Object],[object Object],[object Object],[object Object],[object Object]"
1147,"[object Object],[object Object],[object Object],[object Object],[object Object]"
1148,"[object Object],[object Object],[object Object],[object Object],[object Object]"
1149,"[object Object],[object Object],[object Object],[object Object],[object Object]"
1000,"[object Object],[object Object],[object Object],[object Object],[object Object]"
1001,"[object Object],[object Object],[object Object],[object Object],[object Object]"
1002,"[object Object],[object Object],[object Object],[object Object],[object Object]"
1003,"[object Object],[object Object],[object Object],[object Object],[object Object]"
1004,"[object Object],[object Object],[object Object],[object Object],[object Object]"
1005,"[object Object],[object Object],[object Object],[object Object],[object Object]"
1006,"[object Object],[object Object],[object Object],[object Object],[object Object]"
1007,"[object Object],[object Object],[object Object],[object Object],[object Object]"
1008,"[object Object],[object Object],[object Object],[object Object],[object Object]"
1009,"[object Object],[object Object],[object Object],[object Object],[object Object]"
1010,"[object Object],[object Object],[object Object],[object Object],[object Object]"
1011,"[object Object],[object Object],[object Object],[object Object],[object Object]"
1012,"[object Object],[object Object],[object Object],[object Object],[object Object]"
1013,"[object Object],[object Object],[object Object],[object Object],[object Object]"
1014,"[object Object],[object Object],[object Object],[object Object],[object Object]"
1015,"[object Object],[object Object],[object Object],[object Object],[object Object]"
1016,"[object Object],[object Object],[object Object],[object Object],[object Object]"
1017,"[object Object],[object Object],[object Object],[object Object],[object Object]"
1018,"[object Object],[object Object],[object Object],[object Object],[object Object]"
1019,"[object Object],[object Object],[object Object],[object Object],[object Object]"
1020,"[object Object],[object Object],[object Object],[object Object],[object Object]"
1021,"[object Object],[object Object],[object Object],[object Object],[object Object]"
1022,"[object Object],[object Object],[object Object],[object Object],[object Object]"
1023,"[object Object],[object Object],[object Object],[object Object],[object Object]"
1024,"[object Object],[object Object],[object Object],[object Object],[object Object]"
1025,"[object Object],[object Object],[object Object],[object Object],[object Object]"
1026,"[object Object],[object Object],[object Object],[object Object],[object Object]"
1027,"[object Object],[object Object],[object Object],[object Object],[object Object]"
1028,"[object Object],[object Object],[object Object],[object Object],[object Object]"
1029,"[object Object],[object Object],[object Object],[object Object],[object Object]"
1030,"[object Object],[object Object],[object Object],[object Object],[object Object]"
1031,"[object Object],[object Object],[object Object],[object Object],[object Object]"
1032,"[object Object],[object Object],[object Object],[object Object],[object Object]"
1033,"[object Object],[object Object],[object Object],[object Object],[object Object]"
1034,"[object Object],[object Object],[object Object],[object Object],[object Object]"
1035,"[object Object],[object Object],[object Object],[object Object],[object Object]"
1036,"[object Object],[object Object],[object Object],[object Object],[object Object]"
1037,"[object Object],[object Object],[object Object],[object Object],[object Object]"
1038,"[object Object],[object Object],[object Object],[object Object],[object Object]"
1039,"[object Object],[object Object],[object Object],[object Object],[object Object]"
1040,"[object Object],[object Object],[object Object],[object Object],[object Object]"
1041,"[object Object],[object Object],[object Object],[object Object],[object Object]"
1042,"[object Object],[object Object],[object Object],[object Object],[object Object]"
1043,"[object Object],[object Object],[object Object],[object Object],[object Object]"
1044,"[object Object],[object Object],[object Object],[object Object],[object Object]"
1045,"[object Object],[object Object],[object Object],[object Object],[object Object]"
1046,"[object Object],[object Object],[object Object],[object Object],[object Object]"
1047,"[object Object],[object Object],[object Object],[object Object],[object Object]"
1048,"[object Object],[object Object],[object Object],[object Object],[object Object]"
1049,"[object Object],[object Object],[object Object],[object Object],[object Object]"
1050,"[object Object],[object Object],[object Object],[object Object],[object Object]"
1051,"[object Object],[object Object],[object Object],[object Object],[object Object]"
1052,"[object Object],[object Object],[object Object],[object Object],[object Object]"
1053,"[object Object],[object Object],[object Object],[object Object],[object Object]"
1054,"[object Object],[object Object],[object Object],[object Object],[object Object]"
1055,"[object Object],[object Object],[object Object],[object Object],[object Object]"
1056,"[object Object],[object Object],[object Object],[object Object],[object Object]"
1057,"[object Object],[object Object],[object Object],[object Object],[object Object]"
1058,"[object Object],[object Object],[object Object],[object Object],[object Object]"
1059,"[object Object],[object Object],[object Object],[object Object],[object Object]"
1060,"[object Object],[object Object],[object Object],[object Object],[object Object]"
1061,"[object Object],[object Object],[object Object],[object Object],[object Object]"
1062,"[object Object],[object Object],[object Object],[object Object],[object Object]"
1063,"[object Object],[object Object],[object Object],[object Object],[object Object]"
1064,"[object Object],[object Object],[object Object],[object Object],[object Object]"
1065,"[object Object],[object Object],[object Object],[object Object],[object Object]"
1066,"[object Object],[object Object],[object Object],[object Object],[object Object]"
1067,"[object Object],[object Object],[object Object],[object Object],[object Object]"
1068,"[object Object],[object Object],[object Object],[object Object],[object Object]"
1069,"[object Object],[object Object],[object Object],[object Object],[object Object]"
1070,"[object Object],[object Object],[object Object],[object Object],[object Object]"
1071,"[object Object],[object Object],[object Object],[object Object],[object Object]"
1072,"[object Object],[object Object],[object Object],[object Object],[object Object]"
1073,"[object Object],[object Object],[object Object],[object Object],[object Object]"
1074,"[object Object],[object Object],[object Object],[object Object],[object Object]"
1075,"[object Object],[object Object],[object Object],[object Object],[object Object]"
1076,"[object Object],[object Object],[object Object],[object Object],[object Object]"
1077,"[object Object],[object Object],[object Object],[object Object],[object Object]"
1078,"[object Object],[object Object],[object Object],[object Object],[object Object]"
1079,"[object Object],[object Object],[object Object],[object Object],[object Object]"
1080,"[object Object],[object Object],[object Object],[object Object],[object Object]"
1081,"[object Object],[object Object],[object Object],[object Object],[object Object]"
1082,"[object Object],[object Object],[object Object],[object Object],[object Object]"
1083,"[object Object],[object Object],[object Object],[object Object],[object Object]"
1084,"[object Object],[object Object],[object Object],[object Object],[object Object]"
1085,"[object Object],[object Object],[object Object],[object Object],[object Object]"
1086,"[object Object],[object Object],[object Object],[object Object],[object Object]"
1087,"[object Object],[object Object],[object Object],[object Object],[object Object]"
1088,"[object Object],[object Object],[object Object],[object Object],[object Object]"
1089,"[object Object],[object Object],[object Object],[object Object],[object Object]"
1090,"[object Object],[object Object],[object Object],[object Object],[object Object]"
1091,"[object Object],[object Object],[object Object],[object Object],[object Object]"
1092,"[object Object],[object Object],[object Object],[object Object],[object Object]"
1093,"[object Object],[object Object],[object Object],[object Object],[object Object]"
1094,"[object Object],[object Object],[object Object],[object Object],[object Object]"
1095,"[object Object],[object Object],[object Object],[object Object],[object Object]"
1096,"[object Object],[object Object],[object Object],[object Object],[object Object]"
1097,"[object Object],[object Object],[object Object],[object Object],[object Object]"
1098,"[object Object],[object Object],[object Object],[object Object],[object Object]"
1099,"[object Object],[object Object],[object Object],[object Object],[object Object]"
1100,"[object Object],[object Object],[object Object],[object Object],[object Object]"
1101,"[object Object],[object Object],[object Object],[object Object],[object Object]"
1102,"[object Object],[object Object],[object Object],[object Object],[object Object]"
1103,"[object Object],[object Object],[object Object],[object Object],[object Object]"
1104,"[object Object],[object Object],[object Object],[object Object],[object Object]"
1105,"[object Object],[object Object],[object Object],[object Object],[object Object]"
1106,"[object Object],[object Object],[object Object],[object Object],[object Object]"
1107,"[object Object],[object Object],[object Object],[object Object],[object Object]"
1108,"[object Object],[object Object],[object Object],[object Object],[object Object]"
1109,"[object Object],[object Object],[object Object],[object Object],[object Object]"
1110,"[object Object],[object Object],[object Object],[object Object],[object Object]"
1111,"[object Object],[object Object],[object Object],[object Object],[object Object]"
1112,"[object Object],[object Object],[object Object],[object Object],[object Object]"
1113,"[object Object],[object Object],[object Object],[object Object],[object Object]"
1114,"[object Object],[object Object],[object Object],[object Object],[object Object]"
1115,"[object Object],[object Object],[object Object],[object Object],[object Object]"
1116,"[object Object],[object Object],[object Object],[object Object],[object Object]"
1117,"[object Object],[object Object],[object Object],[object Object],[object Object]"
1118,"[object Object],[object Object],[object Object],[object Object],[object Object]"
1119,"[object Object],[object Object],[object Object],[object Object],[object Object]"
1120,"[object Object],[object Object],[object Object],[object Object],[object Object]"
1121,"[object Object],[object Object],[object Object],[object Object],[object Object]"
1122,"[object Object],[object Object],[object Object],[object Object],[object Object]"
1123,"[object Object],[object Object],[object Object],[object Object],[object Object]"
1124,"[object Object],[object Object],[object Object],[object Object],[object Object]"
1125,"[object Object],[object Object],[object Object],[object Object],[object Object]"
1126,"[object Object],[object Object],[object Object],[object Object],[object Object]"
1127,"[object Object],[object Object],[object Object],[object Object],[object Object]"
1128,"[object Object],[object Object],[object Object],[object Object],[object Object]"
1129,"[object Object],[object Object],[object Object],[object Object],[object Object]"
1130,"[object Object],[object Object],[object Object],[object Object],[object Object]"
1131,"[object Object],[object Object],[object Object],[object Object],[object Object]"
1132,"[object Object],[object Object],[object Object],[object Object],[object Object]"
1133,"[object Object],[object Object],[object Object],[object Object],[object Object]"
1134,"[object Object],[object Object],[object Object],[object Object],[object Object]"
1135,"[object Object],[object Object],[object Object],[object Object],[object Object]"
1136,"[object Object],[object Object],[object Object],[object Object],[object Object]"
1137,"[object Object],[object Object],[object Object],[object Object],[object Object]"
1138,"[object Object],[object Object],[object Object],[object Object],[object Object]"
1139,"[object Object],[object Object],[object Object],[object Object],[object Object]"
1140,"[object Object],[object Object],[object Object],[object Object],[object Object]"
1141,"[object Object],[object Object],[object Object],[object Object],[object Object]"
1142,"[object Object],[object Object],[object Object],[object Object],[object Object]"
1143,"[object Object],[object Object],[object Object],[object Object],[object Object]"
1144,"[object Object],[object Object],[object Object],[object Object],[object Object]"
1145,"[object Object],[object Object],[object Object],[object Object],[object Object]"
1146,"[object Object],[object Object],[object Object],[object Object],[object Object]"
1147,"[object Object],[object Object],[object Object],[object Object],[object Object]"
1148,"[object Object],[object Object],[object Object],[object Object],[object Object]"
1149,"[object Object],[object Object],[object Object],[object Object],[object Object]"
1000,"[object Object],[object Object],[object Object],[object Object],[object Object]"
1001,"[object Object],[object Object],[object Object],[object Object],[object Object]"
1002,"[object Object],[object Object],[object Object],[object Object],[object Object]"
1003,"[object Object],[object Object],[object Object],[object Object],[object Object]"
1004,"[object Object],[object Object],[object Object],[object Object],[object Object]"
1005,"[object Object],[object Object],[object Object],[object Object],[object Object]"
1006,"[object Object],[object Object],[object Object],[object Object],[object Object]"
1007,"[object Object],[object Object],[object Object],[object Object],[object Object]"
1008,"[object Object],[object Object],[object Object],[object Object],[object Object]"
1009,"[object Object],[object Object],[object Object],[object Object],[object Object]"
1010,"[object Object],[object Object],[object Object],[object Object],[object Object]"
1011,"[object Object],[object Object],[object Object],[object Object],[object Object]"
1012,"[object Object],[object Object],[object Object],[object Object],[object Object]"
1013,"[object Object],[object Object],[object Object],[object Object],[object Object]"
1014,"[object Object],[object Object],[object Object],[object Object],[object Object]"
1015,"[object Object],[object Object],[object Object],[object Object],[object Object]"
1016,"[object Object],[object Object],[object Object],[object Object],[object Object]"
1017,"[object Object],[object Object],[object Object],[object Object],[object Object]"
1018,"[object Object],[object Object],[object Object],[object Object],[object Object]"
1019,"[object Object],[object Object],[object Object],[object Object],[object Object]"
1020,"[object Object],[object Object],[object Object],[object Object],[object Object]"
1021,"[object Object],[object Object],[object Object],[object Object],[object Object]"
1022,"[object Object],[object Object],[object Object],[object Object],[object Object]"
1023,"[object Object],[object Object],[object Object],[object Object],[object Object]"
1024,"[object Object],[object Object],[object Object],[object Object],[object Object]"
1025,"[object Object],[object Object],[object Object],[object Object],[object Object]"
1026,"[object Object],[object Object],[object Object],[object Object],[object Object]"
1027,"[object Object],[object Object],[object Object],[object Object],[object Object]"
1028,"[object Object],[object Object],[object Object],[object Object],[object Object]"
1029,"[object Object],[object Object],[object Object],[object Object],[object Object]"
1030,"[object Object],[object Object],[object Object],[object Object],[object Object]"
1031,"[object Object],[object Object],[object Object],[object Object],[object Object]"
1032,"[object Object],[object Object],[object Object],[object Object],[object Object]"
1033,"[object Object],[object Object],[object Object],[object Object],[object Object]"
1034,"[object Object],[object Object],[object Object],[object Object],[object Object]"
1035,"[object Object],[object Object],[object Object],[object Object],[object Object]"
1036,"[object Object],[object Object],[object Object],[object Object],[object Object]"
1037,"[object Object],[object Object],[object Object],[object Object],[object Object]"
1038,"[object Object],[object Object],[object Object],[object Object],[object Object]"
1039,"[object Object],[object Object],[object Object],[object Object],[object Object]"
1040,"[object Object],[object Object],[object Object],[object Object],[object Object]"
1041,"[object Object],[object Object],[object Object],[object Object],[object Object]"
1042,"[object Object],[object Object],[object Object],[object Object],[object Object]"
1043,"[object Object],[object Object],[object Object],[object Object],[object Object]"
1044,"[object Object],[object Object],[object Object],[object Object],[object Object]"
1045,"[object Object],[object Object],[object Object],[object Object],[object Object]"
1046,"[object Object],[object Object],[object Object],[object Object],[object Object]"
1047,"[object Object],[object Object],[object Object],[object Object],[object Object]"
1048,"[object Object],[object Object],[object Object],[object Object],[object Object]"
1049,"[object Object],[object Object],[object Object],[object Object],[object Object]"
1050,"[object Object],[object Object],[object Object],[object Object],[object Object]"
1051,"[object Object],[object Object],[object Object],[object Object],[object Object]"
1052,"[object Object],[object Object],[object Object],[object Object],[object Object]"
1053,"[object Object],[object Object],[object Object],[object Object],[object Object]"
1054,"[object Object],[object Object],[object Object],[object Object],[object Object]"
1055,"[object Object],[object Object],[object Object],[object Object],[object Object]"
1056,"[object Object],[object Object],[object Object],[object Object],[object Object]"
1057,"[object Object],[object Object],[object Object],[object Object],[object Object]"
1058,"[object Object],[object Object],[object Object],[object Object],[object Object]"
1059,"[object Object],[object Object],[object Object],[object Object],[object Object]"
1060,"[object Object],[object Object],[object Object],[object Object],[object Object]"
1061,"[object Object],[object Object],[object Object],[object Object],[object Object]"
1062,"[object Object],[object Object],[object Object],[object Object],[object Object]"
1063,"[object Object],[object Object],[object Object],[object Object],[object Object]"
1064,"[object Object],[object Object],[object Object],[object Object],[object Object]"
1065,"[object Object],[object Object],[object Object],[object Object],[object Object]"
1066,"[object Object],[object Object],[object Object],[object Object],[object Object]"
1067,"[object Object],[object Object],[object Object],[object Object],[object Object]"
1068,"[object Object],[object Object],[object Object],[object Object],[object Object]"
1069,"[object Object],[object Object],[object Object],[object Object],[object Object]"
1070,"[object Object],[object Object],[object Object],[object Object],[object Object]"
1071,"[object Object],[object Object],[object Object],[object Object],[object Object]"
1072,"[object Object],[object Object],[object Object],[object Object],[object Object]"
1073,"[object Object],[object Object],[object Object],[object Object],[object Object]"
1074,"[object Object],[object Object],[object Object],[object Object],[object Object]"
1075,"[object Object],[object Object],[object Object],[object Object],[object Object]"
1076,"[object Object],[object Object],[object Object],[object Object],[object Object]"
1077,"[object Object],[object Object],[object Object],[object Object],[object Object]"
1078,"[object Object],[object Object],[object Object],[object Object],[object Object]"
1079,"[object Object],[object Object],[object Object],[object Object],[object Object]"
1080,"[object Object],[object Object],[object Object],[object Object],[object Object]"
1081,"[object Object],[object Object],[object Object],[object Object],[object Object]"
1082,"[object Object],[object Object],[object Object],[object Object],[object Object]"
1083,"[object Object],[object Object],[object Object],[object Object],[object Object]"
1084,"[object Object],[object Object],[object Object],[object Object],[object Object]"
1085,"[object Object],[object Object],[object Object],[object Object],[object Object]"
1086,"[object Object],[object Object],[object Object],[object Object],[object Object]"
1087,"[object Object],[object Object],[object Object],[object Object],[object Object]"
1088,"[object Object],[object Object],[object Object],[object Object],[object Object]"
1089,"[object Object],[object Object],[object Object],[object Object],[object Object]"
1090,"[object Object],[object Object],[object Object],[object Object],[object Object]"
1091,"[object Object],[object Object],[object Object],[object Object],[object Object]"
1092,"[object Object],[object Object],[object Object],[object Object],[object Object]"
1093,"[object Object],[object Object],[object Object],[object Object],[object Object]"
1094,"[object Object],[object Object],[object Object],[object Object],[object Object]"
1095,"[object Object],[object Object],[object Object],[object Object],[object Object]"
1096,"[object Object],[object Object],[object Object],[object Object],[object Object]"
1097,"[object Object],[object Object],[object Object],[object Object],[object Object]"
1098,"[object Object],[object Object],[object Object],[object Object],[object Object]"
1099,"[object Object],[object Object],[object Object],[object Object],[object Object]"
1100,"[object Object],[object Object],[object Object],[object Object],[object Object]"
1101,"[object Object],[object Object],[object Object],[object Object],[object Object]"
1102,"[object Object],[object Object],[object Object],[object Object],[object Object]"
1103,"[object Object],[object Object],[object Object],[object Object],[object Object]"
1104,"[object Object],[object Object],[object Object],[object Object],[object Object]"
1105,"[object Object],[object Object],[object Object],[object Object],[object Object]"
1106,"[object Object],[object Object],[object Object],[object Object],[object Object]"
1107,"[object Object],[object Object],[object Object],[object Object],[object Object]"
1108,"[object Object],[object Object],[object Object],[object Object],[object Object]"
1109,"[object Object],[object Object],[object Object],[object Object],[object Object]"
1110,"[object Object],[object Object],[object Object],[object Object],[object Object]"
1111,"[object Object],[object Object],[object Object],[object Object],[object Object]"
1112,"[object Object],[object Object],[object Object],[object Object],[object Object]"
1113,"[object Object],[object Object],[object Object],[object Object],[object Object]"
1114,"[object Object],[object Object],[object Object],[object Object],[object Object]"
1115,"[object Object],[object Object],[object Object],[object Object],[object Object]"
1116,"[object Object],[object Object],[object Object],[object Object],[object Object]"
1117,"[object Object],[object Object],[object Object],[object Object],[object Object]"
1118,"[object Object],[object Object],[object Object],[object Object],[object Object]"
1119,"[object Object],[object Object],[object Object],[object Object],[object Object]"
1120,"[object Object],[object Object],[object Object],[object Object],[object Object]"
1121,"[object Object],[object Object],[object Object],[object Object],[object Object]"
1122,"[object Object],[object Object],[object Object],[object Object],[object Object]"
1123,"[object Object],[object Object],[object Object],[object Object],[object Object]"
1124,"[object Object],[object Object],[object Object],[object Object],[object Object]"
1125,"[object Object],[object Object],[object Object],[object Object],[object Object]"
1126,"[object Object],[object Object],[object Object],[object Object],[object Object]"
1127,"[object Object],[object Object],[object Object],[object Object],[object Object]"
1128,"[object Object],[object Object],[object Object],[object Object],[object Object]"
1129,"[object Object],[object Object],[object Object],[object Object],[object Object]"
1130,"[object Object],[object Object],[object Object],[object Object],[object Object]"
1131,"[object Object],[object Object],[object Object],[object Object],[object Object]"
1132,"[object Object],[object Object],[object Object],[object Object],[object Object]"
1133,"[object Object],[object Object],[object Object],[object Object],[object Object]"
1134,"[object Object],[object Object],[object Object],[object Object],[object Object]"
1135,"[object Object],[object Object],[object Object],[object Object],[object Object]"
1136,"[object Object],[object Object],[object Object],[object Object],[object Object]"
1137,"[object Object],[object Object],[object Object],[object Object],[object Object]"
1138,"[object Object],[object Object],[object Object],[object Object],[object Object]"
1139,"[object Object],[object Object],[object Object],[object Object],[object Object]"
1140,"[object Object],[object Object],[object Object],[object Object],[object Object]"
1141,"[object Object],[object Object],[object Object],[object Object],[object Object]"
1142,"[object Object],[object Object],[object Object],[object Object],[object Object]"
1143,"[object Object],[object Object],[object Object],[object Object],[object Object]"
1144,"[object Object],[object Object],[object Object],[object Object],[object Object]"
1145,"[object Object],[object Object],[object Object],[object Object],[object Object]"
1146,"[object Object],[object Object],[object Object],[object Object],[object Object]"
1147,"[object Object],[object Object],[object Object],[object Object],[object Object]"
1148,"[object Object],[object Object],[object Object],[object Object],[object Object]"
1149,"[object Object],[object Object],[object Object],[object Object],[object Object]"
